Residue,Count,Frequency,ID,Depth
I,1249,0.3564497716894977,131974,3504
T,1643,0.4688926940639269,131974,3504
V,609,0.1738013698630137,131974,3504
T,1,1.0,132035,1
I,4569,0.9995624589805294,131954,4571
I,695,0.1508901432913591,131976,4606
T,1456,0.3161094224924012,131976,4606
V,2450,0.5319148936170213,131976,4606
I,869,0.1983112733911456,131949,4382
N,219,0.049977179370150615,131949,4382
S,118,0.026928343222272933,131949,4382
T,2260,0.5157462345960748,131949,4382
V,910,0.20766773162939298,131949,4382
I,568,0.34382566585956414,131997,1652
N,219,0.13256658595641646,131997,1652
T,112,0.06779661016949153,131997,1652
V,752,0.4552058111380145,131997,1652
T,237,1.0,132006,237
I,3896,0.9918533604887984,131945,3928
V,1,1.0,131973,1
I,195,0.23076923076923078,131987,845
T,446,0.527810650887574,131987,845
V,204,0.24142011834319527,131987,845
I,1,1.0,131995,1
I,316,0.9937106918238994,131958,318
T,443,1.0,131986,443
I,430,0.9953703703703703,131952,432
T,2175,0.9981642955484167,131944,2179
I,406,0.6766666666666666,131946,600
V,194,0.3233333333333333,131946,600
I,1766,0.5443896424167695,131956,3244
N,675,0.20807644882860665,131956,3244
T,638,0.1966707768187423,131956,3244
V,162,0.0499383477188656,131956,3244
I,1,1.0,131960,1
T,624,0.36988737403675165,131966,1687
V,1060,0.6283343212803794,131966,1687
I,1245,0.9983961507618284,131985,1247
I,685,0.9985422740524781,132001,686
I,152,1.0,132016,152
V,346,0.07865423959990907,132009,4399
F,4050,0.9206637872243691,132009,4399
I,3202,0.9685420447670902,132013,3306
V,104,0.03145795523290986,132013,3306
T,1809,0.9988956377691883,132037,1811
I,2,1.0,132020,2
I,293,0.17306556408741877,131980,1693
N,626,0.36975782634376847,131980,1693
T,770,0.4548139397519197,131980,1693
T,1382,0.5931330472103005,131989,2330
N,934,0.4008583690987124,131989,2330
T,235,1.0,132031,235
I,1,1.0,132014,1
I,344,0.5910652920962199,131999,582
T,21,0.03608247422680412,131999,582
V,216,0.3711340206185567,131999,582
I,3338,0.6967230223335421,131984,4791
N,143,0.029847630974744313,131984,4791
T,1115,0.2327280317261532,131984,4791
V,157,0.03276977666457942,131984,4791
I,1340,0.9429978888106967,131977,1421
H,34,0.023926812104152005,131977,1421
V,46,0.03237156931738212,131977,1421
I,1,1.0,131998,1
I,2687,0.8428481806775407,132027,3188
N,496,0.15558343789209536,132027,3188
I,1,1.0,132004,1
T,1753,0.9982915717539863,132036,1756
I,1,1.0,131970,1
F,285,0.09241245136186771,132018,3084
I,1271,0.41212710765239946,132018,3084
N,50,0.01621271076523995,132018,3084
S,228,0.07392996108949416,132018,3084
T,665,0.21562905317769132,132018,3084
V,582,0.188715953307393,132018,3084
I,1483,0.9993261455525606,131965,1484
I,5772,0.9987887177712407,Sabin2_PlasmidControl,5779
I,968,0.9425511197663097,132024,1027
T,57,0.055501460564751706,132024,1027
V,2,1.0,131990,2
I,2,1.0,132015,2
I,1596,0.9993738259236068,132028,1597
I,1590,0.9987437185929648,132034,1592
F,43,0.013526266121421831,131971,3179
I,2863,0.9005976722239698,131971,3179
N,33,0.010380622837370242,131971,3179
T,169,0.05316137150047184,131971,3179
V,67,0.021075810003145644,131971,3179
I,884,0.766695576756288,131968,1153
T,269,0.23330442324371206,131968,1153
I,3191,0.9981232405380044,131950,3197
V,175,0.040313291868233125,131962,4341
T,88,0.0202718267680258,131962,4341
N,4077,0.9391845196959226,131962,4341
I,2,1.0,131951,2
I,1827,0.813446126447017,132022,2246
T,414,0.18432769367764915,132022,2246
I,2026,0.9892578125,131959,2048
T,22,0.0107421875,131959,2048
I,3673,0.8496414526948878,132008,4323
H,53,0.01226000462641684,132008,4323
T,498,0.11519777931991672,132008,4323
V,99,0.022900763358778626,132008,4323
V,1,1.0,131961,1
I,1,1.0,131978,1
I,2,1.0,131975,2
I,240,0.2761795166858458,131988,869
T,628,0.7226697353279632,131988,869
I,1190,0.36380311831244266,132071,3271
T,1699,0.5194130235402018,132071,3271
V,368,0.11250382146132681,132071,3271
I,1259,0.9976228209191759,132131,1262
I,20,1.0,132043,20
I,542,1.0,132082,542
F,107,0.041944335554684437,132115,2551
I,966,0.3786750294002352,132115,2551
N,52,0.020384163073304585,132115,2551
S,270,0.10584084672677381,132115,2551
T,369,0.14464915719325755,132115,2551
V,786,0.3081144649157193,132115,2551
I,922,0.896887159533074,132121,1028
T,105,0.10214007782101167,132121,1028
T,1987,1.0,132041,1987
I,2541,0.9534709193245778,132068,2665
T,77,0.028893058161350845,132068,2665
N,46,0.01726078799249531,132068,2665
T,304,0.9967213114754099,132103,305
I,3181,0.8528150134048257,132081,3730
T,495,0.13270777479892762,132081,3730
N,52,0.013941018766756031,132081,3730
F,2819,0.999645390070922,132106,2820
I,61,0.06755260243632337,132084,903
T,840,0.9302325581395349,132084,903
I,846,1.0,132125,846
T,303,1.0,132120,303
I,710,0.21832718327183273,132046,3252
T,1900,0.5842558425584256,132046,3252
V,639,0.19649446494464945,132046,3252
I,8,1.0,132067,8
T,1,1.0,132101,1
I,3704,0.9837981407702523,132042,3765
T,58,0.015405046480743692,132042,3765
I,2011,0.9548907882241215,132056,2106
V,89,0.04226020892687559,132056,2106
I,16,1.0,132098,16
I,774,0.5469964664310955,132124,1415
T,461,0.32579505300353356,132124,1415
V,180,0.127208480565371,132124,1415
I,1926,0.9132290184921764,132105,2109
T,128,0.06069227121858701,132105,2109
V,51,0.02418207681365576,132105,2109
I,3368,0.9994065281899109,132047,3370
I,2775,0.9823008849557522,132110,2825
V,49,0.017345132743362832,132110,2825
I,1893,0.780618556701031,132119,2425
T,530,0.21855670103092784,132119,2425
I,1,1.0,132099,1
I,4,1.0,132078,4
I,676,0.30286738351254483,132053,2232
N,799,0.3579749103942652,132053,2232
T,168,0.07526881720430108,132053,2232
V,589,0.2638888888888889,132053,2232
I,13,0.9285714285714286,132113,14
N,1,0.07142857142857142,132113,14
I,63,0.027320034692107545,132086,2306
N,817,0.35429314830875974,132086,2306
T,1422,0.616652211621856,132086,2306
I,170,0.05829903978052126,132059,2916
T,482,0.16529492455418382,132059,2916
N,2262,0.7757201646090535,132059,2916
I,215,0.14400535833891492,132077,1493
V,154,0.10314802411252512,132077,1493
T,426,0.2853315472203617,132077,1493
N,695,0.4655056932350971,132077,1493
F,1,1.0,132114,1
I,828,0.9189789123196448,132074,901
V,71,0.07880133185349611,132074,901
T,399,0.9975,132133,400
I,2924,0.998975059788179,132051,2927
I,262,0.13891834570519618,132063,1886
V,1621,0.8594909862142099,132063,1886
I,5192,0.998269563545472,Sabin2_PlasmidControl,5201
I,126,1.0,132065,126
T,2393,0.9995822890559732,132118,2394
I,2918,0.9976068376068377,132091,2925
I,211,0.6918032786885245,132096,305
V,93,0.30491803278688523,132096,305
A,78,0.2422360248447205,132094,322
I,29,0.09006211180124224,132094,322
T,39,0.12111801242236025,132094,322
V,176,0.546583850931677,132094,322
I,154,0.1949367088607595,132128,790
T,635,0.8037974683544303,132128,790
I,305,0.9967320261437909,132062,306
I,1,1.0,132072,1
I,1189,0.44184318097361575,132073,2691
T,778,0.28911185432924563,132073,2691
V,724,0.2690449646971386,132073,2691
T,2887,0.998961937716263,132134,2890
I,2882,1.0,132241,2882
I,718,0.9972222222222222,132266,720
I,181,0.14620355411954766,132244,1238
T,999,0.8069466882067852,132244,1238
F,58,0.046849757673667204,132244,1238
T,16,1.0,132273,16
I,1096,0.27634896621280886,132256,3966
N,998,0.25163893091275846,132256,3966
T,1489,0.37544125063035805,132256,3966
V,380,0.09581442259203228,132256,3966
I,5946,0.9652597402597403,132275,6160
T,179,0.029058441558441558,132275,6160
I,7134,0.975789905621666,132289,7311
T,121,0.016550403501572972,132289,7311
I,2715,0.9988962472406181,132251,2718
T,4496,0.9643929643929644,132235,4662
V,160,0.03432003432003432,132235,4662
I,5772,0.9986159169550173,132269,5780
I,5,1.0,132252,5
T,2,1.0,132298,2
I,400,0.11655011655011654,132261,3432
T,3027,0.881993006993007,132261,3432
I,2,1.0,132243,2
I,2552,0.9976544175136826,132287,2558
I,784,1.0,132237,784
I,2,1.0,132271,2
N,1,1.0,132247,1
I,2811,0.9978700745473909,132294,2817
I,2,1.0,132308,2
I,8,1.0,132274,8
T,22,1.0,132239,22
I,1,1.0,132325,1
I,2498,1.0,132260,2498
I,2,1.0,132236,2
I,1,1.0,132272,1
I,1,1.0,132301,1
I,2,0.6666666666666666,132245,3
T,1,0.3333333333333333,132245,3
T,1607,0.9981366459627329,132305,1610
I,2,1.0,132296,2
I,2,0.3333333333333333,132248,6
T,4,0.6666666666666666,132248,6
I,5064,0.9990136121522983,Sabin2_PlasmidControl,5069
I,2329,1.0,132264,2329
I,2,1.0,132263,2
I,238,0.8654545454545455,132313,275
T,8,0.02909090909090909,132313,275
V,28,0.10181818181818182,132313,275
I,1848,0.7677606979642708,132265,2407
V,559,0.23223930203572912,132265,2407
I,31,1.0,132288,31
I,5324,0.868798955613577,132277,6128
T,795,0.12973237597911227,132277,6128
I,3969,0.9987418218419728,132249,3974
I,1,1.0,132310,1
I,364,1.0,132293,364
T,2,1.0,132283,2
I,1,1.0,132321,1
I,3227,0.9996902106567535,132253,3228
I,1,0.5,132276,2
T,1,0.5,132276,2
I,2,1.0,132327,2
I,3,1.0,132295,3
I,3,1.0,132317,3
T,1,1.0,132299,1
I,2,1.0,132297,2
T,1,1.0,132284,1
I,1,1.0,132280,1
I,4,1.0,132281,4
I,5777,0.998789764868603,132319,5784
T,1,1.0,131606,1
I,4806,0.9552772808586762,131581,5031
T,150,0.02981514609421586,131581,5031
V,58,0.011528523156430133,131581,5031
I,1226,0.9991850040749797,131609,1227
I,2451,0.8710021321961621,131567,2814
S,39,0.013859275053304905,131567,2814
T,178,0.06325515280739161,131567,2814
V,146,0.051883439943141436,131567,2814
I,1,1.0,131595,1
N,1553,0.9980719794344473,131602,1556
I,3946,0.8533737024221453,131568,4624
T,566,0.12240484429065744,131568,4624
V,82,0.01773356401384083,131568,4624
I,1437,0.3661146496815287,131636,3925
N,1185,0.3019108280254777,131636,3925
S,145,0.03694267515923567,131636,3925
T,680,0.1732484076433121,131636,3925
V,435,0.11082802547770701,131636,3925
I,4509,0.935865504358655,131591,4818
T,147,0.030510585305105854,131591,4818
V,113,0.023453715234537154,131591,4818
I,4,1.0,131558,4
I,17,0.015468607825295723,131601,1099
T,117,0.10646041856232939,131601,1099
N,963,0.8762511373976342,131601,1099
I,2936,0.9229801949072619,131596,3181
V,189,0.05941527821439799,131596,3181
I,2,1.0,131555,2
V,325,0.09269823160296635,131631,3506
T,2378,0.6782658300057045,131631,3506
N,797,0.22732458642327438,131631,3506
I,3481,0.9858397054658737,131620,3531
I,832,0.4820393974507532,131566,1726
T,646,0.3742757821552723,131566,1726
V,248,0.1436848203939745,131566,1726
I,3802,0.9829369183040331,131569,3868
I,755,0.46691403834260975,131634,1617
T,862,0.5330859616573902,131634,1617
I,1449,1.0,131594,1449
F,1502,0.41885108756274403,131560,3586
I,2057,0.5736196319018405,131560,3586
I,3869,0.9699172724993733,131645,3989
T,79,0.019804462271245927,131645,3989
I,761,0.5649591685226429,131628,1347
T,586,0.4350408314773571,131628,1347
I,3414,0.9835782195332757,131607,3471
T,1,1.0,131598,1
I,2,1.0,131575,2
F,58,0.015167364016736401,131559,3824
I,3105,0.8119769874476988,131559,3824
N,162,0.04236401673640167,131559,3824
T,394,0.10303347280334728,131559,3824
V,77,0.020135983263598327,131559,3824
I,1362,1.0,131640,1362
I,2,1.0,131616,2
I,1747,0.40124023886081767,131583,4354
N,1425,0.32728525493798805,131583,4354
T,1032,0.23702342673403767,131583,4354
V,112,0.02572347266881029,131583,4354
I,2951,0.9713627386438446,131593,3038
V,65,0.021395655036208033,131593,3038
I,367,0.41704545454545455,131610,880
N,512,0.5818181818181818,131610,880
T,2,1.0,131605,2
I,119,1.0,131571,119
I,1,1.0,131579,1
I,1627,0.9570588235294117,131626,1700
T,73,0.04294117647058823,131626,1700
I,4454,0.9886792452830189,131574,4505
I,3357,0.9245386945744973,131622,3631
T,123,0.033874965574221975,131622,3631
V,136,0.03745524648857064,131622,3631
I,730,0.2996715927750411,131619,2436
T,1697,0.6966338259441708,131619,2436
I,2907,0.705753823743627,131584,4119
T,989,0.2401068220441855,131584,4119
V,185,0.04491381403253217,131584,4119
I,2919,0.8580246913580247,131615,3402
T,37,0.010875955320399765,131615,3402
N,398,0.11699000587889477,131615,3402
I,2360,0.9991532599491956,131582,2362
I,4410,0.9780439121756487,131580,4509
T,49,0.01086715457972943,131580,4509
I,2308,0.7527723418134377,131617,3066
N,238,0.0776255707762557,131617,3066
S,39,0.012720156555772993,131617,3066
T,295,0.09621656881930854,131617,3066
V,140,0.045662100456621,131617,3066
I,1586,0.3777989518818485,131562,4198
N,2091,0.49809433063363506,131562,4198
T,349,0.08313482610767033,131562,4198
V,160,0.038113387327298714,131562,4198
I,51,0.34,131649,150
V,99,0.66,131649,150
I,3491,0.9311816484395838,131587,3749
N,51,0.013603627634035742,131587,3749
T,184,0.049079754601226995,131587,3749
I,4,1.0,131623,4
T,2278,0.9986847873739588,131629,2281
I,1,1.0,131565,1
I,2546,0.9864393645873692,131627,2581
V,32,0.01239829523440527,131627,2581
I,2816,0.6275908179184311,131614,4487
N,89,0.019835079117450412,131614,4487
S,63,0.014040561622464899,131614,4487
T,1050,0.23400936037441497,131614,4487
V,462,0.1029641185647426,131614,4487
I,3382,0.9788712011577424,131604,3455
T,67,0.01939218523878437,131604,3455
I,2958,0.8334742180896028,131612,3549
T,52,0.014652014652014652,131612,3549
V,485,0.13665821358129052,131612,3549
I,148,1.0,131639,148
I,2,1.0,131585,2
I,1,0.3333333333333333,131600,3
T,2,0.6666666666666666,131600,3
I,5721,0.998603595740967,Sabin2_PlasmidControl,5729
I,1,1.0,131556,1
I,674,0.9426573426573427,131635,715
T,30,0.04195804195804196,131635,715
N,11,0.015384615384615385,131635,715
F,383,0.0878440366972477,131557,4360
I,1988,0.4559633027522936,131557,4360
N,99,0.022706422018348625,131557,4360
S,326,0.07477064220183487,131557,4360
T,716,0.16422018348623854,131557,4360
V,840,0.1926605504587156,131557,4360
T,2642,0.9996216420734014,131576,2643
I,3186,0.9869888475836431,131632,3228
I,3314,0.9801833776989056,131589,3381
V,38,0.011239278320023662,131589,3381
I,4137,0.9752475247524752,131564,4242
I,1,0.5,131637,2
N,1,0.5,131637,2
I,73,0.29918032786885246,131586,244
T,137,0.5614754098360656,131586,244
V,34,0.13934426229508196,131586,244
I,1,1.0,131647,1
I,1763,0.9509169363538296,131642,1854
T,91,0.04908306364617044,131642,1854
I,279,0.20364963503649636,131630,1370
T,1091,0.7963503649635036,131630,1370
I,2702,0.8638107416879796,131624,3128
T,384,0.12276214833759591,131624,3128
V,33,0.010549872122762148,131624,3128
I,2810,0.9686315063771114,131572,2901
H,90,0.031023784901758014,131572,2901
I,285,1.0,131577,285
I,1508,0.9100784550392276,131613,1657
T,122,0.07362703681351841,131613,1657
N,27,0.016294508147254073,131613,1657
I,1,1.0,131597,1
I,1,1.0,131590,1
I,25,0.011715089034676664,131644,2134
T,1965,0.9208059981255857,131644,2134
V,140,0.06560449859418932,131644,2134
I,300,0.7853403141361257,131599,382
V,79,0.20680628272251309,131599,382
I,4005,0.9816176470588235,131578,4080
I,2808,0.9619732785200411,131618,2919
N,32,0.010962658444672833,131618,2919
T,51,0.017471736896197326,131618,2919
I,3943,0.9556471158507028,131641,4126
V,159,0.03853611245758604,131641,4126
I,2156,0.8920148944973108,131831,2417
V,261,0.10798510550268929,131831,2417
A,84,0.07349081364829396,131773,1143
F,16,0.01399825021872266,131773,1143
I,37,0.03237095363079615,131773,1143
N,13,0.011373578302712161,131773,1143
T,332,0.2904636920384952,131773,1143
V,661,0.5783027121609798,131773,1143
T,1,1.0,131760,1
I,1,0.3333333333333333,131778,3
T,2,0.6666666666666666,131778,3
I,3511,0.9988620199146515,131756,3515
I,5135,0.975864690231851,131769,5262
V,94,0.017863930064614217,131769,5262
I,3551,0.9469333333333333,131823,3750
N,166,0.04426666666666667,131823,3750
I,1633,1.0,131815,1633
I,888,0.4725918041511442,131749,1879
V,989,0.5263437998935604,131749,1879
I,1221,1.0,131810,1221
I,2366,0.9983122362869198,131779,2370
I,3042,0.8912979783181951,131787,3413
H,45,0.013184881336067975,131787,3413
N,41,0.012012891883973044,131787,3413
T,142,0.04160562554937006,131787,3413
V,141,0.041312628186346324,131787,3413
I,3647,1.0,131772,3647
I,4229,0.9274122807017544,131791,4560
T,64,0.014035087719298246,131791,4560
V,262,0.05745614035087719,131791,4560
I,1417,0.9992947813822285,131797,1418
T,1927,0.9994813278008299,131793,1928
V,2,1.0,131800,2
I,3,0.75,131828,4
T,1,0.25,131828,4
I,1,1.0,131804,1
V,300,1.0,131782,300
I,3555,0.9507889810109655,131764,3739
T,133,0.035571008290986895,131764,3739
V,48,0.012837657127574217,131764,3739
I,4011,0.9938057482656095,131783,4036
I,1,1.0,131789,1
I,3686,0.9837203095809981,131750,3747
T,56,0.014945289564985321,131750,3747
I,4203,0.9267916207276736,131809,4535
T,286,0.06306504961411245,131809,4535
I,1309,0.3844346549192364,131816,3405
N,77,0.02261380323054332,131816,3405
S,194,0.05697503671071953,131816,3405
T,853,0.2505139500734214,131816,3405
V,968,0.28428781204111603,131816,3405
I,2,1.0,131826,2
I,3,1.0,131829,3
N,1592,0.9968691296180339,131843,1597
I,4679,0.9768267223382046,131838,4790
T,70,0.014613778705636743,131838,4790
I,1,1.0,131762,1
I,2635,0.8301827347195967,131770,3174
N,229,0.07214870825456837,131770,3174
V,309,0.09735349716446125,131770,3174
I,1,1.0,131805,1
I,4164,0.9959339870844296,131824,4181
I,2675,0.6069888813251645,131768,4407
T,1266,0.28727025187202176,131768,4407
V,458,0.10392557295212163,131768,4407
I,2,1.0,131811,2
T,3695,0.9932795698924731,131774,3720
I,2393,0.9987479131886478,131817,2396
I,2245,0.7983641536273115,131807,2812
T,294,0.10455192034139403,131807,2812
V,272,0.09672830725462304,131807,2812
I,25,0.08928571428571429,131803,280
F,21,0.075,131803,280
T,106,0.37857142857142856,131803,280
N,128,0.45714285714285713,131803,280
I,1802,0.6733931240657698,131812,2676
V,233,0.08707025411061285,131812,2676
T,97,0.03624813153961136,131812,2676
N,542,0.20254110612855009,131812,2676
I,1,1.0,131754,1
F,172,0.05836443841194435,131801,2947
I,1133,0.3844587716321683,131801,2947
N,89,0.03020020359687818,131801,2947
S,418,0.14183915846623685,131801,2947
T,898,0.3047166610111978,131801,2947
V,234,0.07940278249066848,131801,2947
I,1729,0.9236111111111112,131757,1872
N,86,0.045940170940170943,131757,1872
V,40,0.021367521367521368,131757,1872
I,257,0.21947053800170793,131799,1171
T,292,0.2493595217762596,131799,1171
N,621,0.5303159692570453,131799,1171
I,2,1.0,131761,2
I,3965,0.8756625441696113,131751,4528
N,205,0.04527385159010601,131751,4528
T,166,0.03666077738515901,131751,4528
V,182,0.04019434628975265,131751,4528
I,4640,0.9965635738831615,131813,4656
I,4173,0.9886282871357498,131786,4221
V,45,0.010660980810234541,131786,4221
I,3822,0.9986934935981187,Sabin2_PlasmidControl,3827
I,2099,0.9995238095238095,131821,2100
I,2394,0.7402597402597403,131796,3234
T,469,0.14502164502164502,131796,3234
N,367,0.11348175633889919,131796,3234
I,777,0.220675944333996,131771,3521
T,2068,0.5873331439931837,131771,3521
N,674,0.19142289122408407,131771,3521
F,178,0.04751735184196476,131820,3746
I,1175,0.3136679124399359,131820,3746
N,1102,0.29418045915643354,131820,3746
T,1163,0.310464495461826,131820,3746
V,120,0.03203416978109984,131820,3746
I,298,0.33408071748878926,131776,892
V,592,0.6636771300448431,131776,892
I,1,1.0,131814,1
V,554,0.9981981981981982,131792,555
I,1160,0.9991386735572783,131788,1161
I,1095,0.7078215901745314,131802,1547
T,78,0.05042016806722689,131802,1547
V,372,0.24046541693600518,131802,1547
I,4611,0.9852564102564103,131790,4680
I,2047,0.965566037735849,131775,2120
T,63,0.029716981132075472,131775,2120
I,3746,0.9904812268640931,131833,3782
I,3656,0.9783248595129783,131794,3737
T,48,0.012844527696012844,131794,3737
I,3081,0.9993512812195913,131795,3083
I,3269,0.9996941896024465,131785,3270
I,2,1.0,131836,2
I,2,1.0,131827,2
I,1,1.0,131798,1
I,1,1.0,131759,1
I,517,1.0,131834,517
T,3159,0.9993672888326479,131936,3161
I,3910,0.9992333248147202,131871,3913
T,1031,1.0,131934,1031
T,1,1.0,131911,1
I,1,1.0,131894,1
I,3164,0.999052731291443,131903,3167
I,3277,0.891943385955362,131858,3674
S,48,0.0130647795318454,131858,3674
T,40,0.010887316276537834,131858,3674
V,294,0.08002177463255307,131858,3674
I,926,1.0,131933,926
I,1101,0.9990925589836661,131929,1102
I,175,1.0,131898,175
T,2321,0.9969931271477663,131930,2328
I,1073,0.8860445912469034,131924,1211
T,138,0.11395540875309662,131924,1211
I,788,1.0,131940,788
I,1,1.0,131887,1
T,2742,0.999271137026239,131893,2744
I,2,0.5,131889,4
T,1,0.25,131889,4
N,1,0.25,131889,4
I,809,0.5175943698016635,131897,1563
T,751,0.48048624440179144,131897,1563
I,2,1.0,131928,2
I,2986,0.9989963198394112,131921,2989
I,3979,0.9949987496874219,131848,3999
T,1,1.0,131931,1
I,2,1.0,131908,2
I,4147,0.940149625935162,131856,4411
T,188,0.042620720924960324,131856,4411
V,66,0.014962593516209476,131856,4411
I,5249,0.976013387876534,131892,5378
T,122,0.022685013015991073,131892,5378
I,395,0.10362014690451207,131865,3812
T,3415,0.8958551941238195,131865,3812
I,1,1.0,131895,1
I,5274,0.9981074943224829,131849,5284
T,1,1.0,131860,1
T,1257,0.2339910647803425,131932,5372
N,4108,0.7647058823529411,131932,5372
I,315,0.12716996366572467,131873,2477
T,2161,0.8724263221639079,131873,2477
I,1336,0.9992520568436799,131869,1337
I,1649,0.971714790807307,131847,1697
V,45,0.026517383618149676,131847,1697
I,1909,0.998953427524856,131909,1911
I,5128,0.9922600619195047,131879,5168
I,936,0.9989327641408752,131880,937
I,48,1.0,131855,48
I,1595,0.9974984365228268,131916,1599
I,2818,0.6352569882777277,131872,4436
T,677,0.15261496844003608,131872,4436
V,936,0.2110009017132552,131872,4436
I,1113,0.9183168316831684,131915,1212
V,99,0.08168316831683169,131915,1212
I,2,1.0,131852,2
I,2,1.0,131857,2
I,3,1.0,131884,3
I,4998,0.9982025164769323,Sabin2_PlasmidControl,5007
I,3036,0.7204556241101091,131910,4214
T,1172,0.2781205505457997,131910,4214
I,4560,0.9589905362776026,131886,4755
N,83,0.017455310199789693,131886,4755
I,2,0.15384615384615385,131864,13
T,11,0.8461538461538461,131864,13
I,131,0.9776119402985075,131868,134
A,2,0.014925373134328358,131868,134
I,3606,0.9809575625680087,131859,3676
V,60,0.01632208922742111,131859,3676
I,1282,0.9953416149068323,131907,1288
T,2,1.0,131938,2
I,3125,0.8393768466290625,131867,3723
S,40,0.010744023636852002,131867,3723
T,130,0.034918076819769,131867,3723
V,401,0.1077088369594413,131867,3723
T,1197,0.9991652754590985,131913,1198
I,3461,0.9988455988455989,131899,3465
I,3803,0.997115888830624,131877,3814
I,1873,0.3959830866807611,131875,4730
N,56,0.011839323467230444,131875,4730
T,1912,0.4042283298097252,131875,4730
V,862,0.18224101479915433,131875,4730
I,2,1.0,131925,2
I,1,1.0,131882,1
T,615,0.9967585089141004,131917,617
I,2,1.0,131896,2
I,1,1.0,131846,1
A,587,0.13143752798925212,131901,4466
T,3873,0.867218987908643,131901,4466
I,345,1.0,132163,345
I,1527,0.9902723735408561,132192,1542
I,727,0.9945280437756497,132190,731
I,163,1.0,132169,163
I,117,0.18962722852512157,132147,617
V,33,0.05348460291734198,132147,617
T,444,0.7196110210696921,132147,617
F,22,0.03565640194489465,132147,617
T,232,0.9957081545064378,132223,233
I,1920,0.9984399375975039,132152,1923
I,509,1.0,132140,509
I,602,0.9966887417218543,132167,604
I,144,1.0,132144,144
I,1365,0.9978070175438597,132156,1368
I,470,0.2812687013764213,132159,1671
N,434,0.2597247157390784,132159,1671
T,556,0.3327348892878516,132159,1671
V,208,0.12447636146020347,132159,1671
T,279,1.0,132219,279
I,5,1.0,132155,5
I,397,1.0,132204,397
I,1771,0.9977464788732394,132172,1775
I,1591,0.6959755030621172,132197,2286
V,694,0.30358705161854765,132197,2286
I,2,1.0,132205,2
I,234,0.34977578475336324,132218,669
T,159,0.23766816143497757,132218,669
V,274,0.40956651718983555,132218,669
I,1317,1.0,132210,1317
I,3426,0.9967995344777422,Sabin2_PlasmidControl,3437
I,147,0.6228813559322034,132168,236
T,23,0.09745762711864407,132168,236
V,66,0.2796610169491525,132168,236
I,34,1.0,132177,34
I,240,0.21238938053097345,132164,1130
T,890,0.7876106194690266,132164,1130
I,2191,0.9990880072959416,132178,2193
I,55,1.0,132196,55
I,2260,0.970373550880206,132180,2329
T,67,0.028767711464147704,132180,2329
I,1,1.0,132189,1
T,2,1.0,132228,2
A,40,0.026058631921824105,132138,1535
T,1265,0.8241042345276873,132138,1535
V,230,0.1498371335504886,132138,1535
I,2439,0.6234662576687117,131671,3912
N,58,0.014826175869120654,131671,3912
V,1381,0.3530163599182004,131671,3912
I,1850,0.9850905218317358,131722,1878
V,27,0.01437699680511182,131722,1878
I,3455,0.953103448275862,131703,3625
N,46,0.012689655172413793,131703,3625
T,59,0.016275862068965516,131703,3625
V,65,0.01793103448275862,131703,3625
I,3924,0.9926637996458386,131676,3953
I,2463,0.9991886409736308,131740,2465
I,1541,0.9541795665634675,131663,1615
T,49,0.030340557275541795,131663,1615
V,20,0.01238390092879257,131663,1615
I,408,0.18304172274562583,131710,2229
S,93,0.04172274562584118,131710,2229
T,1667,0.7478689995513683,131710,2229
V,50,0.02243158366980709,131710,2229
I,2555,0.9996087636932708,131736,2556
T,24,1.0,131665,24
I,165,1.0,131737,165
I,1,1.0,131675,1
F,48,0.01805189921022941,131698,2659
I,2429,0.9135013162843174,131698,2659
V,162,0.060925159834524255,131698,2659
I,68,1.0,131659,68
I,1,1.0,131652,1
I,2348,0.9513776337115073,131683,2468
V,98,0.03970826580226904,131683,2468
I,2490,0.983024082116068,131711,2533
T,42,0.016581129095933674,131711,2533
I,3,1.0,131738,3
I,1993,0.9994984954864594,131666,1994
I,2549,0.8460006637902423,131725,3013
N,49,0.016262860935944243,131725,3013
T,289,0.09591769000995685,131725,3013
V,123,0.04082309990043147,131725,3013
I,135,0.8385093167701864,131695,161
T,25,0.15527950310559005,131695,161
F,13,0.040625,131690,320
I,232,0.725,131690,320
H,38,0.11875,131690,320
Q,16,0.05,131690,320
W,4,0.0125,131690,320
Y,5,0.015625,131690,320
I,1512,0.819068255687974,131696,1846
N,32,0.01733477789815818,131696,1846
S,32,0.01733477789815818,131696,1846
T,114,0.06175514626218852,131696,1846
V,155,0.08396533044420368,131696,1846
I,2741,0.9866810655147589,131657,2778
V,37,0.01331893448524118,131657,2778
I,384,0.8067226890756303,131726,476
T,92,0.19327731092436976,131726,476
I,1,1.0,131694,1
I,2407,0.9991697799916978,131745,2409
I,26,1.0,131653,26
I,3707,0.996773326162947,131681,3719
I,114,0.991304347826087,131719,115
I,1560,1.0,131679,1560
T,1730,0.9994222992489891,131668,1731
I,3720,0.9951845906902087,131728,3738
I,37,0.3854166666666667,131743,96
V,31,0.3229166666666667,131743,96
N,28,0.2916666666666667,131743,96
I,409,0.44846491228070173,131691,912
T,451,0.49451754385964913,131691,912
V,50,0.05482456140350877,131691,912
I,264,0.8275862068965517,131727,319
F,55,0.1724137931034483,131727,319
I,1901,0.9505,131664,2000
V,96,0.048,131664,2000
I,71,1.0,131746,71
I,4,0.6666666666666666,131723,6
V,2,0.3333333333333333,131723,6
I,473,1.0,131706,473
I,962,0.9717171717171718,131730,990
I,171,1.0,131669,171
T,1,1.0,131701,1
I,2,1.0,131739,2
I,2068,0.5167416291854073,131685,4002
N,1000,0.24987506246876562,131685,4002
T,194,0.04847576211894053,131685,4002
V,734,0.18340829585207397,131685,4002
I,567,0.9982394366197183,131682,568
I,2577,0.8997905027932961,131678,2864
T,30,0.01047486033519553,131678,2864
N,256,0.0893854748603352,131678,2864
I,735,0.8212290502793296,131677,895
T,159,0.1776536312849162,131677,895
I,1988,0.9994972347913524,131689,1989
I,2,1.0,131684,2
I,1,1.0,131709,1
I,1,1.0,131686,1
I,2868,0.9499834382245776,131692,3019
N,70,0.02318648559125538,131692,3019
V,66,0.02186154355746936,131692,3019
A,24,0.22429906542056074,131715,107
T,5,0.04672897196261682,131715,107
V,78,0.7289719626168224,131715,107
I,1848,0.5079714128642111,131700,3638
V,1771,0.4868059373282023,131700,3638
I,1975,0.9830761572921851,131729,2009
V,24,0.011946241911398706,131729,2009
I,5205,0.9992320982914187,Sabin2_PlasmidControl,5209
I,4161,0.9937903033197993,131724,4187
I,3473,0.9863675092303323,131717,3521
I,1824,0.9801182160128963,131720,1861
T,31,0.016657710908113917,131720,1861
I,2488,0.9826224328593997,131716,2532
I,3242,0.9329496402877698,131693,3475
T,229,0.06589928057553956,131693,3475
I,1,1.0,131735,1
I,1,1.0,131699,1
I,250,0.9960159362549801,131718,251
I,2600,0.9996155324875048,131713,2601
I,1,1.0,131702,1
I,892,0.9653679653679653,131673,924
V,31,0.03354978354978355,131673,924
I,2665,0.8635774465327285,131658,3086
T,131,0.042449773169151,131658,3086
V,249,0.08068697342838627,131658,3086
I,52,0.040498442367601244,131660,1284
T,1230,0.9579439252336449,131660,1284
I,1728,0.7509778357235984,131712,2301
T,107,0.04650152107779226,131712,2301
V,456,0.1981747066492829,131712,2301
I,2067,0.9327617328519856,131654,2216
F,45,0.020306859205776174,131654,2216
T,34,0.015342960288808664,131654,2216
V,55,0.024819494584837544,131654,2216
I,777,0.7840565085771948,131733,991
V,214,0.21594349142280525,131733,991
T,68,1.0,131714,68
